﻿{
  "machine.name": "Propagador",
  "machine.desc": "Inocular con un hongo para hacer que gradualmente crezcan más.",

  "error.location": "Las setas no crecerán aquí.",
  "error.truffle": "Las trufas no crecerán de esta manera.",

  "event.4637.0000.0000": "Oye @. Parece que perdí un par de mis registros. ¿Los has visto por aquí?#$b#… De hecho, olvida que pregunté.$s#",

  "event.4637.0001.0000": "Hola @! Decidí pasar y revisar la cueva que preparé antes para cultivar hongos en tu granja.#$b#Lo has aprovechado al máximo, imagino? Ciertamente ha ayudado a mi investigacíon. De hecho, He hecho otro gran avance.#$b#Esa cueva ha sido muy útil para observar hongos locales en su entorno natural., pero se me ocurrió un nuevo dispositivo que hará que los hongos sean mucho más fáciles de cultivar.",
  "event.4637.0001.0001": "Has aprendido a crear un 'Propagador'.",
  "event.4637.0001.0002": "Con estos esquemas, deberías poder construirlo tú mismo y colocarlo en cualquier lugar con condiciones ambientales similares a la cueva.#$b#Si tuviera una bodega nueva, ese sería el primer lugar que trataría!$h#",
  "event.4637.0001.0003": "¿Como estas @? ¿Ya has cultivado hongos interesantes con mi pequeño dispositivo?"
}